0.000, 1.000, 2.000, 3.000, 4.000, 5.000, 6.000, 7.000, 8.000, 9.000, 10.000, 11.000, 12.000, 13.000, 14.000, 15.000, 16.000, 17.000, 18.000, 19.000, 20.000, 21.000, 22.000, 23.000, 24.000, 25.000, 26.000, 27.000, 28.000, 29.000, 30.000, 31.000, 32.000, 33.000, 34.000, 35.000, 36.000, 37.000, 38.000, 39.000, 40.000, 41.000, 42.000, 43.000, 44.000, 45.000, 46.000, 47.000, 48.000, 49.000, 50.000, 51.000, 52.000, 53.000, 54.000, 55.000, 56.000, 57.000, 58.000, 59.000, 60.000, 61.000, 62.000, 63.000, 64.000, 65.000, 66.000, 67.000, 68.000, 69.000, 70.000, 71.000, 72.000, 73.000, 74.000, 75.000, 76.000, 77.000, 78.000, 79.000, 80.000, 81.000, 82.000, 83.000, 84.000, 85.000, 86.000, 87.000, 88.000, 89.000, 90.000, 91.000, 92.000, 93.000, 94.000, 95.000, 96.000, 97.000, 98.000, 99.000, 100.000, 101.000, 102.000, 103.000, 104.000, 105.000, 106.000, 107.000, 108.000, 109.000, 110.000, 111.000, 112.000, 113.000, 114.000, 115.000, 116.000, 117.000, 118.000, 119.000, 120.000, 121.000, 122.000, 123.000, 124.000, 125.000, 126.000, 127.000, 128.000, 129.000, 130.000, 131.000, 132.000, 133.000, 134.000, 135.000, 136.000, 137.000, 138.000, 139.000, 140.000, 141.000, 142.000, 143.000, 144.000, 145.000, 146.000, 147.000, 148.000, 149.000, 150.000, 151.000, 152.000, 153.000, 154.000, 155.000, 156.000, 157.000, 158.000, 159.000, 160.000, 161.000, 162.000, 163.000, 164.000, 165.000, 166.000, 167.000, 168.000, 169.000, 170.000, 171.000, 172.000, 173.000, 174.000, 175.000, 176.000, 177.000, 178.000, 179.000, 180.000, 181.000, 182.000, 183.000, 184.000, 185.000, 186.000, 187.000, 188.000, 189.000, 190.000, 191.000, 192.000, 193.000, 194.000, 195.000, 196.000, 197.000, 198.000, 199.000, 200.000, 201.000, 202.000, 203.000, 204.000, 205.000, 206.000, 207.000, 208.000, 209.000, 210.000, 211.000, 212.000, 213.000, 214.000, 215.000, 216.000, 217.000, 218.000, 219.000, 220.000, 221.000, 222.000, 223.000, 224.000, 225.000, 226.000, 227.000, 228.000, 229.000, 230.000, 231.000, 232.000, 233.000, 234.000, 235.000, 236.000, 237.000, 238.000, 239.000, 240.000, 241.000, 242.000, 243.000, 244.000, 245.000, 246.000, 247.000, 248.000, 249.000
11.827, 13.363, 15.395, 16.888, 18.621, 19.899, 21.433, 21.601, 22.458, 23.261, 23.838, 24.184, 23.817, 24.398, 23.659, 22.908, 21.951, 21.074, 19.574, 17.934, 17.105, 15.089, 13.691, 11.685, 10.000, 8.292, 6.597, 4.878, 3.086, 1.927, 0.583, -1.219, -2.488, -3.294, -3.021, -4.238, -3.903, -3.983, -3.539, -3.591, -3.217, -1.489, -0.897, 0.227, 1.946, 3.315, 4.836, 6.448, 8.159, 10.000, 11.753, 13.627, 15.306, 16.969, 18.119, 19.316, 21.262, 22.446, 23.125, 23.602, 23.314, 24.063, 24.705, 23.970, 23.838, 22.161, 22.485, 20.880, 20.153, 17.955, 17.133, 15.417, 13.656, 11.773, 10.000, 8.158, 6.576, 4.914, 2.961, 1.947, 0.106, -0.595, -1.961, -2.757, -3.269, -3.774, -4.295, -4.709, -4.213, -3.471, -2.691, -1.574, -1.356, 0.307, 1.425, 3.315, 4.961, 6.411, 8.210, 10.000, 11.724, 13.347, 15.120, 16.494, 18.712, 19.431, 20.455, 22.266, 23.360, 24.091, 23.552, 23.808, 23.822, 23.390, 23.765, 22.752, 21.961, 21.192, 20.040, 18.207, 16.508, 15.165, 13.470, 11.699, 10.000, 8.220, 6.589, 4.593, 3.313, 2.094, 0.195, -0.770, -2.267, -2.545, -3.701, -4.568, -4.266, -4.302, -3.291, -3.543, -2.415, -2.117, -1.257, 0.770, 1.558, 3.227, 4.670, 6.450, 8.246, 10.000, 11.795, 13.403, 15.028, 16.524, 17.988, 19.468, 20.681, 22.242, 22.441, 23.291, 24.522, 24.304, 23.606, 24.351, 24.013, 22.604, 22.418, 20.799, 19.738, 18.028, 16.767, 15.446, 13.530, 11.782, 10.000, 8.313, 6.508, 4.916, 3.024, 1.327, 0.347, -0.916, -2.134, -2.496, -3.581, -4.558, -3.995, -3.791, -3.969, -3.822, -2.387, -2.131, -0.420, 0.518, 2.007, 3.518, 4.689, 6.342, 8.168, 10.000, 11.754, 13.379, 15.394, 17.147, 18.656, 19.399, 20.921, 21.442, 22.789, 23.032, 24.242, 23.846, 24.681, 23.563, 24.051, 22.865, 21.480, 20.556, 20.030, 18.378, 16.972, 15.051, 13.659, 11.713, 10.000, 8.286, 6.551, 4.987, 3.197, 1.760, 0.469, -1.193, -1.995, -2.423, -3.447, -3.933, -4.600, -3.457, -4.041, -3.723, -2.448, -1.726, -0.809, 0.464, 2.101, 3.449, 4.749, 6.446, 8.164, 10.000
28.163, 34.068, 40.613, 46.410, 44.817, 49.311, 46.480, 45.339, 42.844, 35.406, 29.859, 22.154, 14.819, 7.476, 2.658, -2.435, -4.910, -9.680, -10.060, -4.635, -4.895, 0.597, 8.292, 14.505, 21.439, 28.648, 36.199, 39.061, 43.697, 48.799, 50.025, 49.739, 44.361, 39.748, 36.413, 29.202, 22.240, 15.069, 8.558, 1.943, -0.498, -6.577, -7.300, -6.643, -6.956, -1.471, 1.534, 8.780, 14.683, 21.463, 28.081, 34.291, 40.969, 45.304, 47.083, 49.712, 46.723, 47.210, 41.347, 36.263, 28.746, 21.960, 14.924, 8.450, 1.199, -3.306, -3.821, -6.644, -5.355, -7.961, -1.284, 0.779, 8.334, 14.691, 21.301, 28.743, 34.317, 41.342, 46.790, 48.718, 49.808, 49.294, 47.282, 41.917, 34.741, 29.808, 21.928, 14.739, 8.409, 2.970, -1.522, -6.114, -5.486, -10.911, -4.429, -2.871, 3.242, 8.412, 14.230, 21.307, 29.151, 33.712, 40.489, 44.613, 45.379, 50.921, 49.953, 44.459, 41.108, 33.941, 28.270, 22.236, 14.833, 8.345, 2.890, -2.930, -5.178, -5.938, -5.573, -6.675, -3.407, 1.387, 8.775, 14.439, 21.360, 28.993, 35.785, 39.712, 44.603, 48.535, 50.668, 45.848, 44.131, 41.063, 34.031, 28.295, 22.135, 15.280, 8.483, 3.526, -4.006, -4.548, -8.754, -8.958, -7.073, -4.139, 1.986, 8.586, 14.902, 21.346, 28.329, 34.284, 39.927, 43.209, 48.843, 46.858, 46.735, 44.006, 41.970, 35.079, 29.148, 21.951, 14.855, 9.305, 0.964, -2.019, -7.006, -8.571, -10.805, -8.332, -1.987, 0.482, 7.246, 14.829, 21.302, 28.521, 34.781, 38.626, 45.248, 49.271, 48.369, 45.873, 44.425, 41.159, 34.267, 28.996, 22.209, 15.534, 9.166, 1.176, -1.119, -8.753, -9.301, -5.449, -5.605, -5.044, 2.899, 7.454, 13.978, 21.500, 28.939, 33.421, 42.261, 44.109, 47.041, 45.547, 47.226, 44.369, 39.583, 34.401, 29.150, 21.961, 14.944, 8.633, 2.337, -0.606, -3.607, -6.790, -5.470, -7.063, -0.982, 2.193, 7.535, 14.075, 21.422, 28.946, 34.101, 40.131, 45.555, 46.589, 49.623, 45.488, 44.609, 42.247, 34.150, 28.217, 21.934, 15.327, 7.505, 2.636, -0.430, -4.048, -10.559, -7.590, -3.848, -4.537, 2.590, 7.654, 14.304, 21.538
50.021, 63.092, 70.940, 71.002, 69.632, 57.920, 48.991, 30.934, 16.924, 1.077, -9.389, -14.292, -13.018, -1.234, 8.857, 23.779, 38.071, 54.380, 66.651, 73.897, 69.478, 61.550, 56.923, 43.053, 25.477, 12.060, 0.452, -12.536, -13.573, -4.173, 3.703, 15.137, 29.064, 42.822, 62.461, 69.385, 68.363, 69.902, 59.724, 52.650, 35.493, 21.149, 9.060, -0.642, -15.998, -15.317, -7.090, 3.773, 16.939, 33.822, 51.135, 58.182, 72.373, 76.325, 70.612, 58.974, 46.400, 31.166, 17.253, 1.286, -12.158, -8.615, -6.407, -5.898, 10.618, 24.271, 38.326, 54.592, 68.018, 76.839, 70.311, 61.894, 55.203, 40.902, 26.133, 9.312, -1.038, -7.446, -9.537, -10.013, -1.420, 15.652, 29.042, 45.892, 56.908, 68.917, 70.917, 71.340, 67.249, 51.792, 36.759, 21.029, 3.208, -6.539, -5.404, -13.513, -6.830, 7.837, 18.610, 33.795, 49.507, 65.500, 73.589, 69.564, 71.864, 61.402, 48.020, 30.979, 17.145, 4.721, -12.943, -11.676, -12.448, -1.836, 8.592, 24.398, 39.346, 56.322, 63.021, 75.444, 73.499, 66.797, 55.799, 41.422, 26.156, 11.747, 1.607, -10.484, -17.862, -13.998, -2.250, 13.814, 28.852, 46.560, 58.889, 65.499, 66.382, 65.289, 64.117, 50.571, 36.158, 19.344, 8.145, -7.834, -6.125, -5.595, -5.560, 3.843, 16.850, 33.607, 47.663, 58.746, 65.770, 67.182, 72.356, 56.701, 48.554, 30.999, 15.343, 0.187, -11.882, -18.291, -16.767, -3.917, 7.725, 22.854, 39.006, 51.780, 68.365, 70.057, 76.333, 65.457, 55.317, 42.712, 25.721, 10.931, -4.815, -9.052, -6.338, -5.888, -2.789, 12.650, 28.937, 44.066, 56.351, 65.874, 72.191, 74.006, 64.855, 48.737, 37.037, 21.040, 3.066, -2.721, -6.787, -12.043, -1.705, 6.138, 17.534, 34.052, 47.694, 59.168, 69.580, 67.788, 64.797, 60.924, 47.104, 30.999, 16.258, -0.651, -7.966, -16.609, -13.653, -2.968, 11.397, 23.073, 39.437, 54.871, 62.214, 65.324, 68.544, 64.818, 57.048, 41.126, 26.257, 12.260, -3.255, -15.499, -10.223, -6.301, -3.906, 12.845, 28.898, 42.511, 60.661, 63.786, 78.100, 71.012, 61.775, 51.917, 35.631, 19.199, 4.986, -7.896, -12.668, -7.100, -0.994, 0.457, 16.754, 34.718
79.372, 99.408, 90.834, 81.545, 63.663, 38.736, 6.704, -15.719, -8.697, -16.483, 2.334, 33.930, 65.830, 79.748, 102.751, 85.653, 70.177, 50.406, 24.808, 2.837, -3.514, -11.655, -5.379, 21.235, 46.884, 71.654, 88.239, 106.909, 89.515, 65.606, 38.876, 9.667, -6.534, -7.925, -0.939, 5.381, 33.635, 58.326, 93.027, 102.303, 101.442, 72.470, 54.243, 22.786, 0.259, -3.484, -14.674, 2.413, 18.518, 49.847, 70.486, 93.430, 89.681, 92.213, 70.909, 38.513, 14.178, -6.241, -6.037, -17.293, 6.080, 33.560, 61.871, 89.431, 102.908, 101.480, 70.539, 51.129, 23.794, 0.011, -3.749, -18.806, -10.464, 20.442, 47.539, 79.305, 87.695, 88.228, 87.101, 65.109, 38.541, 13.269, -17.937, -13.609, -15.355, 2.750, 33.636, 61.005, 90.493, 88.434, 93.717, 76.302, 51.354, 24.838, 2.845, -14.598, -23.433, -6.795, 20.830, 49.509, 76.600, 86.105, 89.318, 84.007, 65.877, 38.625, 16.780, -12.811, -22.104, -17.037, 8.608, 35.153, 62.380, 84.927, 97.127, 84.646, 74.994, 52.821, 26.760, 0.123, -16.779, -22.392, -1.704, 21.218, 48.158, 80.364, 94.936, 96.683, 78.569, 64.375, 38.801, 16.891, -1.370, -14.417, -11.698, 6.360, 34.902, 60.697, 77.209, 85.928, 91.041, 71.057, 50.443, 25.378, 4.101, -7.619, -17.578, 0.534, 22.408, 50.047, 67.959, 83.743, 86.093, 86.473, 70.466, 38.495, 9.529, -17.279, -18.636, -4.158, 6.255, 34.737, 62.010, 92.716, 90.975, 83.475, 83.896, 53.215, 25.902, 6.855, -10.139, -23.446, -6.374, 17.157, 47.862, 71.064, 100.139, 107.566, 91.267, 63.536, 38.479, 10.270, -13.554, -5.532, -3.263, 12.832, 34.186, 60.785, 86.034, 98.842, 88.464, 77.798, 52.679, 24.282, 1.645, -6.847, -26.073, 4.193, 20.432, 47.361, 69.779, 99.002, 88.276, 91.842, 68.740, 38.726, 14.652, -3.237, -19.023, -6.906, 13.486, 34.049, 60.061, 77.518, 92.435, 101.967, 71.393, 54.152, 25.848, 7.431, -22.023, -14.481, -1.618, 17.681, 47.056, 70.058, 87.132, 102.401, 81.847, 71.093, 38.692, 16.948, -3.266, -7.704, -4.297, 4.389, 34.421, 61.223, 77.937, 98.395, 82.900, 72.609, 50.261, 27.044, 1.352, -13.697, -11.071, -7.232, 18.451, 49.235
108.889, 119.011, 107.578, 75.768, 36.195, -13.413, -29.217, -22.668, 16.168, 60.581, 97.130, 129.667, 120.847, 81.152, 33.385, -0.112, -9.994, -11.302, 19.999, 66.595, 108.154, 121.171, 119.357, 84.190, 35.696, -1.858, -14.751, -1.024, 22.240, 64.562, 90.817, 105.748, 112.894, 82.876, 38.939, -10.253, -35.648, 0.106, 20.326, 65.330, 110.479, 111.902, 116.204, 82.037, 32.968, -6.202, -8.406, -18.272, 20.034, 63.859, 89.992, 123.053, 104.919, 84.070, 32.529, -10.437, -3.090, -18.733, 26.020, 66.477, 110.433, 109.558, 101.274, 83.773, 34.544, -5.973, -15.154, -25.832, 25.306, 62.646, 107.284, 110.219, 125.763, 80.137, 35.206, -6.448, -15.399, -5.480, 13.361, 65.605, 95.307, 136.405, 126.048, 76.329, 38.020, -14.424, -21.118, -12.370, 16.215, 65.533, 98.074, 102.901, 109.322, 74.211, 35.982, 0.026, -2.968, -4.604, 22.697, 63.978, 95.066, 134.506, 96.316, 83.320, 36.350, 1.460, -17.810, -12.977, 15.666, 61.690, 106.652, 128.419, 105.953, 82.609, 35.117, -10.592, -33.849, -21.006, 15.640, 66.397, 109.661, 112.409, 106.356, 79.225, 37.916, -12.502, -13.654, -18.712, 22.249, 63.357, 109.714, 104.305, 116.749, 76.820, 35.986, 4.436, -10.798, -8.037, 23.499, 63.824, 96.087, 136.817, 121.736, 85.830, 33.607, -13.652, -28.933, -5.323, 17.739, 62.977, 109.718, 103.193, 99.756, 81.741, 35.615, 10.198, -12.059, 3.246, 27.322, 66.950, 92.005, 120.814, 118.249, 72.789, 35.141, 2.313, -13.298, -21.241, 13.552, 63.574, 114.635, 104.470, 115.985, 81.037, 35.551, -6.949, -11.778, -17.976, 18.002, 67.538, 92.255, 115.187, 117.474, 76.765, 33.449, -6.184, -19.406, -5.637, 14.761, 62.848, 101.874, 104.370, 112.584, 72.227, 35.681, -12.901, -11.198, -6.069, 21.726, 64.269, 107.545, 108.284, 101.719, 82.685, 35.036, -9.315, -23.187, -22.013, 15.955, 63.981, 103.814, 105.779, 115.329, 84.524, 33.915, -10.660, -5.590, -3.958, 14.949, 63.767, 108.670, 130.519, 101.622, 82.591, 37.749, 8.652, -16.505, -4.972, 15.134, 65.314, 110.833, 107.919, 107.516, 82.663, 37.168, -6.765, -34.592, -8.626, 14.977, 63.425, 109.662, 114.347, 97.165, 78.860, 38.463, 6.171, -7.839, -3.954, 14.666, 62.514
114.034, 161.113, 99.071, 50.252, 0.801, -31.600, 5.925, 59.859, 104.840, 156.949, 124.802, 70.100, 0.394, -27.540, 8.789, 33.744, 112.367, 136.728, 129.413, 99.225, 34.030, 1.741, -37.161, 21.201, 87.221, 134.351, 121.950, 103.288, 50.377, 3.863, -47.686, -7.751, 59.867, 111.327, 122.259, 124.334, 70.498, 8.768, -12.302, -12.146, 44.046, 91.344, 151.946, 133.530, 90.655, 35.343, -21.746, -22.436, 31.092, 79.431, 149.027, 143.565, 96.511, 51.656, -14.958, -25.619, 5.098, 59.902, 115.109, 157.030, 139.699, 73.411, 19.885, -21.746, 4.451, 42.654, 107.378, 122.115, 153.128, 97.114, 31.085, -2.024, -10.406, 15.957, 78.702, 135.310, 163.218, 98.136, 51.393, -20.857, -22.326, 14.723, 59.913, 121.371, 122.030, 114.648, 70.133, 9.074, -8.221, 5.734, 44.342, 102.395, 143.434, 128.591, 83.259, 36.334, 0.733, -31.617, 20.444, 80.191, 132.612, 166.010, 96.679, 50.804, -6.438, -19.388, -5.608, 59.861, 120.448, 142.541, 111.082, 68.149, 14.065, -19.761, -14.275, 32.727, 92.526, 156.855, 140.607, 92.715, 27.303, 1.222, -28.301, 16.975, 85.605, 125.031, 147.810, 118.752, 48.807, 5.760, -17.063, -15.197, 59.861, 112.549, 155.949, 127.690, 70.334, 1.390, -9.328, -15.621, 37.819, 90.223, 143.088, 130.901, 94.536, 28.939, -8.600, -23.105, 22.420, 86.353, 141.185, 133.113, 124.948, 50.775, -24.811, -37.101, 14.349, 59.911, 110.750, 130.058, 118.987, 68.991, -0.652, -7.609, -16.628, 41.925, 103.995, 126.779, 146.921, 86.663, 28.283, -35.129, -27.450, 20.657, 85.736, 124.577, 152.780, 104.274, 49.585, 1.287, -12.051, -11.489, 59.869, 112.330, 167.598, 111.593, 67.960, 3.122, -9.765, -26.897, 44.744, 98.968, 142.076, 148.589, 99.369, 33.615, -5.047, -23.004, 15.340, 78.979, 131.692, 127.100, 115.242, 47.728, 13.451, -38.432, -13.684, 59.888, 128.555, 141.911, 133.973, 72.251, 20.766, -43.529, 0.979, 37.718, 94.156, 157.738, 150.141, 88.351, 36.529, -36.992, 3.251, 17.312, 81.359, 138.058, 126.821, 115.089, 47.998, 8.051, -41.656, 9.097, 59.904, 129.301, 148.077, 124.601, 72.708, -0.899, -47.509, -0.624, 44.251, 103.770, 144.223, 126.554, 99.271, 22.233, -20.172, -40.532, 19.999, 86.423
306.570, 330.325, 84.423, 26.656, -36.061, -7.061, 86.225, 144.598, 133.968, 93.690, 26.107, -0.493, -8.570, 76.236, 157.881, 140.316, 98.283, 23.981, -57.778, 16.682, 62.269, 145.978, 198.542, 116.723, 42.995, 8.463, 5.270, 43.692, 136.714, 168.249, 134.326, 53.164, -36.319, -20.043, 85.447, 223.137, 372.671, 147.182, 66.598, -14.156, -13.835, 11.778, 117.053, 159.996, 131.174, 75.287, -8.660, -53.231, 10.292, 100.217, 144.613, 156.179, 91.308, 16.094, -48.222, 6.802, 91.738, 144.553, 158.193, 91.606, 5.267, -1.878, -16.833, 74.077, 125.188, 155.772, 119.586, 38.528, -7.680, -30.496, 135.159, 262.650, 153.614, 115.551, 44.805, -29.155, -2.878, 51.220, 124.965, 155.517, 145.360, 56.661, -31.667, -37.273, 43.591, 124.181, 198.388, 139.658, 65.251, 14.115, -11.897, 29.250, 122.031, 190.550, 139.577, 77.998, 18.259, -28.511, -1.745, 97.808, 159.276, 185.356, 88.567, 21.677, -42.824, 17.618, 177.387, 138.551, 163.699, 109.300, 31.005, -43.443, 11.603, 73.493, 143.167, 176.427, 107.361, 36.708, -4.011, -17.719, 61.000, 138.393, 167.198, 137.223, 34.245, -38.586, -11.983, 54.633, 115.146, 173.237, 129.205, 57.550, -29.583, -53.845, 44.141, 131.499, 184.940, 157.186, 64.544, -26.751, -74.289, 56.754, 123.913, 146.566, 178.079, 77.928, -10.687, -2.381, 6.734, 106.966, 185.528, 140.655, 85.590, 11.577, -59.469, 15.962, 92.759, 176.297, 159.352, 93.197, 35.055, 2.710, 6.046, 75.348, 167.227, 137.497, 106.090, 30.344, -24.020, -27.446, 60.585, 125.167, 139.364, 131.763, 70.379, -72.931, -16.933, 56.010, 112.713, 138.873, 122.547, 58.670, 2.324, -13.311, 33.403, 122.941, 194.021, 153.007, 65.384, 8.524, -9.401, 27.927, 105.813, 155.553, 134.003, 78.790, 22.836, -39.738, 7.140, 101.289, 154.274, 155.515, 96.590, 19.507, -23.965, -8.520, 83.796, 149.862, 155.029, 213.400, 33.242, -64.166, 0.013, 73.408, 162.839, 177.816, 114.376, 37.022, -20.503, -34.363, 60.703, 151.094, 144.744, 124.389, 32.721, -13.950, -22.603, 43.630, 129.820, 200.702, 141.242, 53.025, -35.402, 7.119, 33.747, 107.419, 153.201, 148.454, 65.082, -2.357, -1.607, 12.293, 99.887, 143.354, 260.361, 171.569, 19.561, -56.337, 24.178, 90.750
350.126, 340.264, 51.696, -20.695, -17.033, 90.892, 152.934, 189.662, 82.183, -36.715, 15.936, 63.725, 177.782, 183.774, 108.078, -1.266, -49.871, 44.804, 133.340, 189.800, 154.923, 7.961, -14.833, 33.690, 127.497, 232.918, 176.563, 50.490, 14.431, 25.541, 197.817, 331.756, 382.160, 82.561, -28.654, -55.865, 67.732, 195.487, 170.161, 120.256, -22.912, -69.228, 52.693, 158.181, 237.938, 156.478, 9.207, -73.299, 27.167, 115.208, 206.143, 137.304, 45.184, -52.291, -26.178, 88.916, 156.152, 189.242, 82.394, -5.765, -16.845, 138.797, 365.303, 352.342, 102.757, -2.722, 9.696, 24.255, 136.356, 159.397, 151.695, 13.952, -53.527, 21.659, 127.211, 146.860, 178.697, 52.859, 0.561, 0.347, 92.572, 182.606, 175.595, 82.629, -24.000, -30.357, 61.115, 168.669, 172.266, 106.982, 33.861, -39.067, 72.451, 280.290, 382.168, 156.563, 28.225, 1.398, 25.930, 125.065, 169.317, 179.995, 62.216, -63.568, -21.110, 89.570, 164.855, 196.615, 83.193, -43.139, -19.105, 62.139, 160.372, 174.399, 105.816, -23.312, -25.211, 43.206, 157.195, 202.965, 144.058, 36.904, -7.734, 12.328, 247.366, 399.020, 185.762, 58.475, -41.411, -36.195, 95.327, 179.731, 160.951, 83.944, -36.690, -62.628, 61.519, 151.914, 158.528, 121.498, 30.403, -19.253, 20.321, 161.422, 171.198, 137.990, 29.455, -50.685, 34.411, 130.372, 194.790, 165.957, 57.525, -1.767, -28.366, 177.546, 421.520, 143.787, 84.248, -48.881, -59.016, 65.188, 155.023, 197.355, 111.602, -17.812, -67.928, 22.013, 119.741, 220.894, 137.613, 46.390, -9.531, 29.769, 115.416, 189.605, 146.416, 56.356, -56.644, -40.161, 95.309, 187.044, 205.688, 83.462, -7.930, -52.970, 112.382, 273.139, 214.514, 115.716, 9.912, -47.115, 32.278, 120.831, 180.908, 144.695, 37.932, -6.593, 20.879, 113.219, 166.407, 167.247, 52.040, -47.091, 4.465, 92.462, 199.426, 157.304, 81.905, -3.142, -2.520, 65.969, 191.939, 205.463, 101.711, -14.434, -35.665, 66.120, 281.897, 175.699, 124.570, 47.616, -65.081, 21.252, 106.279, 197.441, 185.363, 57.372, -45.726, -0.587, 87.529, 166.626, 165.725, 83.708, -30.506, -36.698, 68.899, 131.123, 229.948, 100.260, -21.109, -41.368, 18.791, 122.120, 178.877, 128.971, 44.918, -92.137, 41.297, 219.047
465.698, 304.930, -4.490, -26.448, 55.133, 217.592, 174.062, 87.002, -56.449, 7.816, 125.205, 175.600, 157.571, 46.964, -16.907, 39.816, 152.048, 238.530, 103.576, -32.458, -63.240, 115.985, 191.762, 207.809, 34.463, -48.625, 63.606, 349.644, 367.528, 124.654, -44.603, -6.621, 91.918, 235.300, 198.372, 61.041, -5.343, -5.828, 176.941, 210.153, 116.315, 9.669, -21.361, 81.672, 245.671, 206.520, 74.414, -81.311, -22.665, 144.183, 175.478, 157.886, 6.860, -27.574, 116.944, 326.761, 158.098, 87.486, -26.018, 2.659, 129.737, 184.596, 182.816, 11.489, -91.678, 51.663, 176.760, 166.289, 100.250, -12.840, 24.933, 105.391, 211.756, 142.508, 37.575, -92.113, 35.882, 178.077, 252.071, 109.449, -29.238, -15.094, 169.671, 177.408, 221.279, 43.901, 16.828, 31.414, 128.686, 231.821, 121.019, -29.252, -65.273, 76.077, 180.062, 185.349, 77.880, -11.520, -29.604, 137.019, 239.081, 126.969, -9.884, -69.217, 58.576, 154.772, 166.987, 185.696, -78.624, 22.393, 110.269, 193.352, 192.267, 32.139, -75.482, 38.110, 218.946, 218.337, 103.405, -28.394, 22.891, 102.719, 204.375, 188.554, 59.050, -70.538, 19.152, 191.986, 268.600, 123.307, -32.194, -68.134, 92.908, 242.873, 394.386, 102.198, -81.571, 37.509, 179.820, 200.738, 115.478, -23.146, -51.206, 80.247, 223.145, 183.823, 63.033, -3.101, -21.579, 127.906, 236.203, 158.005, -14.363, -63.057, 58.272, 208.957, 191.850, 87.672, -36.741, 27.370, 124.255, 496.365, 307.111, 78.193, -32.667, 44.443, 142.656, 164.641, 106.046, -45.962, -28.523, 103.308, 165.496, 140.517, 37.036, 14.056, 48.037, 133.750, 252.734, 128.951, -20.851, -70.658, 92.175, 248.805, 156.675, 58.141, -64.367, 21.444, 316.520, 454.241, 290.578, 5.985, 16.348, 77.933, 214.363, 155.176, 75.267, -71.861, 42.623, 155.614, 161.933, 173.470, 23.757, 16.726, 63.827, 197.980, 248.916, 86.388, -21.327, 35.113, 117.492, 237.659, 155.358, 5.349, -33.586, 90.090, 295.379, 417.966, 106.536, -15.309, -42.933, 114.616, 221.383, 143.310, 54.313, -86.662, 16.665, 165.463, 189.033, 124.424, 20.790, -32.078, 91.999, 173.933, 144.893, 67.483, -55.777, 3.202, 167.177, 179.481, 121.999, 12.330, -43.348, 157.478, 441.327, 165.194, 63.708, -36.669, 37.096, 143.041
465.105, 259.330, -78.025, -3.399, 178.517, 287.172, 125.301, -3.809, 19.284, 171.639, 191.825, 127.955, 7.252, -28.974, 192.023, 238.132, 118.229, -9.684, 9.993, 187.212, 186.102, 132.410, -85.640, 31.290, 314.351, 578.516, 268.640, -46.612, -13.090, 185.807, 306.924, 114.039, -12.209, 45.506, 159.966, 226.942, 127.379, 4.407, 43.228, 161.698, 175.223, 135.840, 23.021, 17.013, 155.603, 253.378, 123.082, -72.712, -36.635, 293.563, 471.859, 243.591, -0.073, -46.355, 138.023, 310.088, 135.764, 33.640, 3.316, 167.615, 199.357, 121.817, -35.337, -12.595, 161.528, 261.908, 116.617, -67.143, -15.226, 160.145, 248.798, 137.120, -67.227, 38.307, 339.330, 507.177, 233.681, -33.766, 44.288, 136.025, 242.313, 118.691, 9.261, 7.944, 190.518, 179.077, 132.210, 2.187, -38.675, 159.658, 227.657, 117.521, -86.839, -23.625, 131.737, 254.430, 118.370, -6.843, 22.496, 306.022, 449.725, 228.181, -70.134, -7.105, 143.473, 184.684, 123.708, -69.199, 8.259, 179.951, 229.548, 115.832, 37.617, -33.784, 145.905, 232.011, 123.017, -75.064, -24.846, 131.675, 210.449, 128.909, -85.001, 19.729, 293.422, 493.437, 273.431, 14.457, -35.753, 163.968, 199.631, 134.645, -3.277, -34.158, 173.860, 212.190, 121.539, -8.635, 9.975, 170.480, 273.267, 134.358, 26.100, -46.422, 142.797, 216.437, 134.232, -2.121, 34.588, 339.307, 518.263, 224.681, -81.351, 7.999, 184.966, 182.402, 125.690, -72.759, 21.665, 152.258, 243.714, 115.981, -67.272, 2.362, 148.540, 224.312, 130.999, -28.957, -48.271, 130.920, 278.584, 116.722, 1.969, -15.349, 315.184, 481.573, 272.267, -13.362, 21.545, 155.949, 203.177, 131.901, -1.311, 47.983, 174.527, 191.192, 115.991, -83.081, -49.582, 149.969, 250.961, 119.770, -13.652, 16.359, 165.462, 295.928, 118.020, 32.106, -10.791, 337.284, 421.077, 271.001, 22.380, 30.317, 134.005, 186.576, 130.143, -10.566, -21.505, 154.856, 293.548, 135.383, -21.890, -30.763, 146.023, 269.082, 124.653, 37.107, 41.108, 186.645, 296.228, 127.348, -43.880, -39.729, 327.193, 444.913, 217.009, 2.877, 45.755, 165.308, 219.159, 129.820, -4.076, 6.787, 174.307, 285.099, 125.149, -66.972, -0.229, 133.166, 305.944, 115.973, 29.530, -26.484, 131.341, 244.113, 116.773, -39.605, -44.084, 312.218
492.758, 188.116, -58.263, 72.577, 232.771, 201.679, 51.106, 15.764, 168.580, 262.795, 110.630, -26.137, 83.535, 176.154, 264.303, 28.417, -31.422, 132.133, 316.048, 136.756, 34.864, 44.598, 438.606, 485.385, 9.183, 23.477, 134.459, 291.938, 163.118, -8.678, -10.343, 204.215, 258.390, 65.154, -107.603, 109.422, 255.898, 149.496, 24.215, 14.263, 162.410, 264.710, 54.187, -22.178, 166.913, 566.331, 189.741, -38.347, -65.625, 159.568, 238.364, 88.752, -66.258, 55.162, 223.123, 197.288, -40.241, -37.057, 185.526, 334.737, 110.451, -66.686, 53.229, 230.329, 215.259, 39.376, -9.153, 332.815, 312.560, 138.787, -71.800, 30.347, 259.490, 207.626, 64.330, -67.035, 132.269, 244.059, 143.713, -39.349, 49.246, 268.405, 292.462, 41.016, -90.945, 109.726, 206.235, 336.602, 13.832, 49.362, 212.753, 290.862, 80.586, -129.020, 99.505, 219.206, 195.427, 43.451, 32.313, 187.983, 256.150, 95.033, 25.139, 68.133, 237.945, 189.401, -36.397, 39.921, 195.678, 415.492, 233.588, -56.925, 59.039, 292.885, 258.611, -21.194, -49.754, 168.500, 238.424, 137.099, -33.347, 10.368, 278.143, 218.585, 19.839, -111.210, 137.891, 303.882, 147.445, 6.441, 47.623, 368.982, 474.203, 92.156, 32.462, 109.590, 282.775, 197.532, 14.613, -47.164, 189.508, 281.914, 69.129, -28.141, 82.246, 195.232, 167.279, 49.188, -73.830, 222.175, 229.196, 101.125, -101.430, 145.743, 597.430, 426.492, 33.380, 6.965, 188.908, 341.671, 110.237, -81.665, 22.729, 213.146, 210.907, -25.885, -10.885, 167.843, 204.566, 140.818, -58.436, 19.311, 180.204, 284.625, 51.533, -116.838, 271.037, 566.724, 146.783, -43.413, 22.071, 184.228, 171.373, 64.238, -7.694, 109.380, 286.591, 157.351, -44.985, 15.620, 209.395, 272.098, 69.399, -30.788, 85.447, 229.544, 215.068, 13.903, 8.380, 386.133, 201.238, 98.007, -25.491, 67.480, 250.156, 203.580, 10.718, 28.296, 158.577, 293.204, 110.566, 21.090, 65.287, 196.266, 259.275, 30.988, -20.454, 129.919, 343.266, 266.726, -17.415, 98.340, 254.722, 280.249, 76.257, -76.011, 129.478, 322.343, 160.711, -18.356, 2.812, 167.847, 299.447, 75.161, 24.229, 109.627, 274.953, 146.489, 2.465, -17.174, 187.556, 415.444, 152.027, -61.971, 95.595, 210.121, 165.366, -6.819, 52.559, 153.194
546.463, 128.456, -8.610, 156.869, 217.449, 77.226, -76.313, 130.420, 388.789, 132.240, -23.741, 106.098, 235.753, 151.276, -13.555, 74.004, 200.215, 162.027, -68.260, 45.623, 465.826, 538.659, 48.715, 52.420, 210.598, 191.551, 37.029, -30.649, 141.938, 255.445, 90.273, -1.688, 125.645, 268.746, 129.941, -17.994, 71.296, 349.083, 157.902, -40.452, 104.457, 511.368, 170.503, -60.500, 51.035, 205.225, 273.466, 40.587, -91.107, 225.870, 252.187, 76.221, -133.517, 165.740, 354.871, 79.427, -60.119, 129.753, 289.436, 290.746, -15.465, 174.540, 220.035, 160.815, -75.968, 29.601, 187.334, 179.738, -91.871, 37.587, 285.352, 249.009, 14.667, 57.676, 223.968, 255.834, 92.015, -41.415, 178.794, 655.775, 176.558, -41.387, 125.928, 370.701, 131.038, 10.813, 78.954, 242.993, 181.458, -74.916, 64.003, 213.470, 203.477, -80.013, -42.279, 215.303, 218.102, 34.806, 44.076, 390.839, 453.951, 68.335, -123.852, 169.940, 346.484, 76.859, -25.550, 131.752, 344.735, 140.461, -96.038, 104.729, 334.524, 146.967, -97.239, 42.316, 273.469, 221.079, 6.770, -31.130, 501.193, 556.713, 29.646, 62.297, 197.272, 241.212, 91.538, -124.514, 196.537, 261.328, 79.536, -91.788, 132.405, 240.127, 133.387, -94.493, 70.106, 218.081, 204.038, 0.220, 96.546, 532.470, 250.171, -73.667, -8.994, 244.114, 176.258, 49.876, -86.705, 243.362, 202.098, 14.721, -87.759, 190.650, 318.296, 84.985, 21.272, 127.507, 324.040, 251.996, -145.143, 151.432, 248.890, 192.978, -44.006, 22.257, 186.299, 182.616, -0.860, 74.149, 234.887, 193.266, -17.876, 12.952, 183.641, 304.027, 54.623, -105.684, 152.462, 530.177, 200.604, -7.316, 128.200, 329.056, 131.695, -51.635, 104.041, 272.017, 143.865, 22.507, 7.111, 340.363, 182.380, -25.944, 75.059, 254.283, 181.027, 56.820, -67.070, 430.650, 429.953, 100.520, 28.448, 150.330, 303.834, 86.079, -83.780, 130.785, 354.776, 125.490, -28.969, 98.829, 361.641, 185.762, 43.307, 89.384, 220.605, 198.440, 27.971, -20.414, 571.975, 509.515, 69.371, -52.311, 219.763, 222.849, 52.777, -6.358, 165.248, 254.377, 77.691, -78.461, 131.461, 374.682, 129.173, -93.586, 66.334, 193.013, 181.590, -25.846, 99.682, 474.608, 205.603, 46.907, -12.840, 208.146, 287.536, -27.253, -38.595, 199.615
598.218, 85.909, -4.824, 318.074, 214.297, -15.082, -16.812, 273.417, 240.999, -59.628, 67.199, 278.674, 144.074, 53.130, 126.100, 294.123, 103.534, -120.099, 325.750, 685.353, 160.343, -118.538, 221.818, 302.735, 17.176, 20.960, 328.712, 340.756, -1.859, -26.719, 356.202, 182.482, -48.060, 73.424, 331.188, 150.415, -139.178, 203.471, 769.072, 283.472, -63.320, 156.592, 302.329, 67.525, -8.226, 217.876, 241.151, 96.656, -94.204, 269.793, 235.616, -44.662, -71.587, 250.429, 201.892, -118.233, 74.036, 593.056, 435.067, -63.580, 67.716, 399.306, 149.105, -140.192, 121.476, 381.561, 114.022, -102.338, 166.600, 228.009, 78.191, -111.012, 196.538, 363.881, 82.499, -21.328, 433.684, 504.715, -96.037, 71.888, 254.158, 210.559, -79.754, 61.697, 345.265, 151.127, -91.008, 117.403, 204.998, 134.940, 31.529, 142.801, 428.565, 90.098, -180.101, 370.931, 592.881, 68.886, -104.195, 215.258, 266.230, 78.508, -61.154, 221.458, 243.325, -17.174, 1.921, 304.220, 203.681, -46.198, 108.353, 387.967, 157.471, -43.116, 256.082, 576.663, 122.970, -93.900, 155.309, 330.313, 57.739, -1.660, 172.390, 205.122, -7.100, -68.672, 235.818, 274.363, -81.290, 39.599, 230.994, 278.081, -65.754, 125.138, 618.442, 196.089, 41.406, 107.024, 380.815, 134.545, 54.446, 146.161, 386.227, 111.496, 32.675, 175.048, 210.722, 64.203, -128.737, 193.846, 362.047, 76.257, 54.916, 585.499, 270.814, -76.311, 78.731, 219.747, 225.496, 45.948, 83.250, 387.737, 145.531, -156.728, 123.546, 197.061, 122.619, -34.027, 145.037, 205.861, 180.281, -174.172, 457.706, 259.858, 39.558, 35.775, 244.661, 193.425, -68.703, 87.635, 242.053, 194.694, -66.216, 64.536, 390.484, 156.249, -140.524, 86.866, 231.344, 259.801, -170.745, 291.056, 221.877, 70.081, -80.153, 170.484, 337.376, 61.890, 68.895, 274.276, 194.717, -14.543, -71.635, 207.352, 202.576, 50.449, -21.619, 356.408, 411.887, -134.077, 118.840, 353.734, 141.671, -115.125, 123.517, 222.367, 109.374, -19.069, 169.287, 194.851, 41.959, -127.412, 182.803, 215.828, 1.627, 52.886, 309.280, 507.122, -54.943, 30.048, 305.000, 223.524, -121.223, 32.817, 215.910, 151.763, -134.195, 113.601, 297.591, 133.790, -61.825, 158.655, 372.547, 74.568, -11.894, 232.622, 646.428, 124.338, -103.389, 280.150
493.467, -145.316, 51.106, 259.193, 137.864, -54.548, 204.415, 296.751, 82.649, 35.272, 334.093, 186.844, -45.196, 167.154, 369.166, -9.086, -2.035, 546.843, 520.085, 50.586, 119.671, 301.714, 94.556, -58.465, 295.583, 362.748, -145.626, 45.644, 222.688, 135.272, -69.218, 184.421, 343.064, -56.140, -9.336, 790.472, 177.235, 27.496, 156.564, 387.483, 41.072, 59.614, 297.961, 285.035, -164.550, 116.778, 333.645, 97.858, 86.802, 227.504, 513.470, -33.391, 104.219, 249.080, 132.709, -55.395, 257.623, 357.593, -11.762, 64.982, 410.336, 178.621, 62.036, 157.643, 298.744, 3.987, -114.485, 440.355, 411.447, 21.162, 105.618, 202.820, 122.077, 39.258, 329.659, 345.248, -135.199, 52.115, 240.174, 137.921, -74.353, 248.332, 354.556, -24.698, 97.206, 690.825, 339.041, 75.618, 176.478, 374.122, 50.428, 79.650, 372.014, 295.677, -0.354, 112.300, 361.870, 122.783, -14.998, 265.891, 258.482, -158.537, 124.568, 836.650, 134.890, -74.914, 194.151, 349.059, 71.736, 34.186, 308.949, 162.113, -73.055, 171.726, 452.852, -9.526, 15.052, 289.481, 406.322, 22.230, 218.343, 443.401, 50.331, -11.551, 223.289, 300.086, -48.541, 47.286, 220.571, 136.910, -53.861, 168.529, 313.892, 53.243, -24.446, 578.717, 418.622, -192.444, 156.503, 437.350, 35.235, 41.301, 300.333, 276.036, 49.437, 114.306, 401.314, 119.935, -16.233, 298.705, 256.340, -63.837, 135.972, 806.547, 256.890, -59.381, 171.906, 370.239, 96.935, -49.888, 321.946, 185.909, -115.411, 181.228, 231.186, 1.052, 24.188, 256.871, 181.897, -148.048, 265.110, 732.454, 105.780, -144.744, 219.297, 336.480, 35.209, 97.450, 273.459, 135.637, 24.456, 167.423, 344.233, -43.182, 70.639, 250.044, 380.588, -52.133, 356.714, 208.374, 72.040, -51.214, 237.307, 212.585, -30.879, 121.663, 342.162, 64.580, -39.993, 259.287, 184.505, 13.378, 115.490, 612.094, 288.206, -186.084, 187.969, 407.784, 61.199, 10.016, 360.951, 207.006, -121.477, 175.195, 362.260, 87.152, 22.459, 208.293, 283.528, -126.855, 236.660, 602.712, 153.404, -131.907, 176.765, 268.293, 82.123, 38.448, 219.983, 133.641, 21.101, 229.012, 189.722, -55.946, 63.318, 445.287, 170.914, -171.544, 382.896, 769.416, 95.751, -32.566, 307.870, 212.009, -33.240, 106.354, 424.201, 75.575, -10.821, 285.374
510.438, -170.458, 160.060, 333.590, -42.931, 47.605, 221.385, 134.133, -35.178, 276.266, 226.872, -53.462, 157.857, 277.194, 110.604, -6.440, 705.747, 268.031, 39.897, 203.083, 184.520, 56.577, 153.844, 323.978, 25.969, -24.833, 275.339, 131.901, -151.287, 379.008, 320.867, -157.186, 319.299, 812.453, 99.452, 66.684, 366.480, 142.883, -62.359, 316.661, 271.404, -2.691, 173.534, 307.189, -37.604, -4.211, 402.879, 266.845, -158.082, 640.853, 307.609, -130.503, 157.443, 427.802, 52.974, 99.206, 415.570, 123.810, -75.468, 249.911, 249.827, -141.482, 155.811, 725.435, -38.273, 88.326, 472.102, 133.439, 92.964, 223.697, 333.730, 97.203, 160.824, 361.346, -69.270, 63.016, 243.082, 145.906, -22.281, 661.946, 483.938, -182.663, 164.340, 318.069, -8.006, 3.458, 241.517, 133.482, -108.525, 235.711, 239.959, -202.585, 167.739, 207.708, 86.223, 91.816, 801.771, 260.808, 54.622, 225.675, 259.061, -44.557, 163.488, 362.770, 104.452, -17.264, 256.886, 138.328, -0.117, 206.996, 205.047, -235.404, 339.137, 556.957, 81.788, -1.903, 208.252, 137.944, -66.298, 241.182, 243.981, -37.680, 162.133, 455.191, 73.562, 33.251, 429.798, 303.748, -9.496, 478.312, 311.766, -79.966, 176.545, 303.161, 115.536, 22.769, 302.762, 130.580, -184.878, 202.707, 253.362, -151.454, 173.351, 519.784, -23.765, 10.246, 256.628, 144.857, 66.728, 218.408, 279.448, -79.310, 167.214, 276.036, -59.448, 107.487, 312.093, 133.529, -119.462, 640.171, 564.488, -133.660, 163.646, 268.490, -5.925, 46.714, 428.850, 138.236, -189.338, 365.935, 194.128, -153.620, 168.552, 474.288, 112.090, 97.053, 556.551, 262.811, 81.520, 268.836, 341.626, -123.525, 154.911, 240.764, -88.828, -31.635, 211.914, 131.384, 41.329, 281.627, 185.888, 7.157, 309.129, 759.233, 81.768, -11.944, 469.727, 141.122, -84.121, 347.442, 332.718, -47.637, 160.372, 316.844, -56.695, -45.751, 476.091, 244.273, -233.374, 636.556, 228.445, 15.835, 154.395, 370.646, -59.528, -35.098, 292.564, 131.570, 7.573, 201.055, 293.149, 21.281, 161.185, 695.892, 118.452, 119.224, 277.756, 132.223, 26.942, 212.539, 327.370, 66.610, 161.259, 300.958, 112.031, -5.597, 483.558, 139.756, -10.827, 566.551, 524.470, 13.611, 170.013, 326.103, 45.118, 59.771, 319.531, 139.578, -189.183, 250.349
528.626, -271.982, 334.937, 262.770, -76.396, 251.691, 374.164, -110.330, 159.214, 215.385, 54.371, 113.039, 247.452, -4.961, 184.453, 779.144, 189.951, -110.912, 413.465, 134.185, 98.803, 204.116, 182.354, -154.998, 227.267, 227.271, -164.086, 294.319, 332.044, -233.967, 436.478, 725.946, -59.776, 159.340, 343.827, 18.478, 135.924, 420.572, 31.230, -27.230, 373.939, 57.649, -46.543, 358.584, 271.479, -67.470, 650.693, 210.624, -197.466, 273.791, 188.370, -49.250, 336.821, 192.858, -153.744, 207.338, 299.669, -48.229, 158.872, 858.383, -157.483, 170.676, 434.349, -44.366, 78.177, 430.024, 113.731, -67.732, 250.668, 153.900, 31.469, 319.476, 179.428, -141.715, 599.596, 498.613, 6.519, 212.387, 358.240, 48.227, 174.805, 406.389, -87.447, 158.743, 508.399, -144.944, 76.166, 475.026, 76.436, 86.716, 894.262, 148.012, -105.693, 248.762, 119.415, -79.905, 229.146, 192.063, 98.720, 331.473, 178.372, 99.400, 295.292, 318.020, -182.238, 412.798, 697.637, -7.027, 159.231, 486.053, -130.419, 119.728, 525.633, -1.459, 104.216, 504.458, 18.597, -23.281, 533.626, 243.976, -55.838, 507.464, 197.908, 26.564, 383.891, 179.619, -85.296, 339.062, 266.679, 56.890, 228.391, 397.805, -55.758, 158.410, 788.108, 109.373, 232.188, 492.125, 101.251, 135.676, 300.610, 46.356, 44.853, 449.256, 113.076, 28.326, 280.861, 182.334, -11.305, 700.428, 466.116, -170.474, 333.076, 397.856, 80.789, 228.165, 381.681, -81.470, 159.467, 420.313, 46.709, 125.900, 245.484, -6.283, 62.571, 720.632, 93.519, -24.723, 483.352, 139.368, 78.329, 415.921, 167.563, -187.994, 392.410, 224.967, -222.375, 267.403, 359.955, 51.600, 405.312, 531.699, -17.147, 159.792, 489.164, 19.146, 109.835, 298.822, 30.810, 87.566, 216.379, 73.939, -52.064, 212.849, 241.893, -56.994, 608.445, 206.516, -154.666, 272.407, 284.295, -187.568, 288.621, 333.102, -190.148, 208.833, 359.725, -187.329, 159.272, 637.224, 25.403, 161.175, 476.355, 90.954, 121.486, 264.655, 43.710, -29.659, 322.075, 131.207, -36.123, 396.980, 174.641, 49.057, 611.183, 478.654, -148.791, 310.968, 384.131, -121.694, 174.147, 454.414, -4.955, 159.591, 273.687, 62.588, 90.893, 406.169, 38.036, 101.342, 574.045, 79.803, -35.783, 258.497, 150.575, -23.558, 376.200, 172.795, -104.987, 334.124
0.974, 0.829, 0.874, 0.839, 0.864, 0.808, 0.892, 0.988, 0.816, 0.947, 0.884, 0.852, 0.806, 0.837, 0.985, 0.834, 0.850, 0.976, 0.920, 0.847, 0.965, 0.835, 0.985, 0.896, 0.861, 0.816, 0.996, 0.811, 0.984, 0.927, 0.801, 0.949, 0.842, 0.858, 0.807, 0.837, 0.900, 0.859, 0.897, 0.897, 0.829, 0.802, 0.903, 0.840, 0.932, 0.955, 0.918, 0.953, 0.876, 0.881, 0.853, 0.808, 0.994, 0.878, 0.863, 0.901, 0.815, 0.952, 0.907, 0.974, 0.909, 0.900, 0.991, 0.971, 0.853, 0.824, 0.856, 0.965, 0.916, 0.855, 0.954, 0.831, 0.969, 0.925, 0.972, 0.877, 0.873, 0.998, 0.978, 0.826, 0.993, 0.905, 0.879, 0.928, 0.925, 0.810, 0.969, 0.921, 0.952, 0.915, 0.828, 0.839, 0.954, 0.842, 0.944, 0.875, 0.827, 0.847, 0.910, 0.978, 0.827, 0.955, 0.981, 0.961, 0.921, 0.986, 0.820, 0.973, 0.935, 0.933, 0.922, 0.920, 0.859, 0.951, 0.979, 0.890, 0.845, 0.903, 0.982, 0.966, 0.972, 0.842, 0.889, 0.932, 0.836, 0.898, 0.847, 0.926, 0.979, 0.993, 0.965, 0.944, 0.850, 0.863, 0.945, 0.918, 0.809, 0.978, 0.868, 0.829, 0.840, 0.911, 0.994, 0.918, 0.911, 0.924, 0.862, 0.806, 0.849, 0.863, 0.843, 0.862, 0.860, 0.998, 0.969, 0.884, 0.976, 0.846, 0.998, 0.812, 0.887, 0.833, 0.940, 0.952, 0.999, 0.901, 0.891, 0.826, 0.934, 0.906, 0.928, 0.893, 0.997, 0.865, 0.886, 0.965, 0.825, 0.926, 0.995, 0.999, 0.954, 0.947, 0.945, 0.946, 0.825, 0.926, 0.902, 0.857, 0.828, 0.931, 0.964, 0.881, 0.946, 0.905, 0.884, 0.876, 0.839, 0.827, 0.892, 0.804, 0.817, 0.898, 0.988, 0.971, 0.904, 0.995, 0.941, 0.954, 0.996, 0.990, 0.954, 0.855, 0.842, 0.826, 0.953, 0.930, 0.813, 0.941, 0.810, 0.927, 0.876, 0.907, 0.953, 0.964, 0.908, 0.891, 0.999, 0.945, 0.843, 0.898, 0.876, 0.911, 0.921, 0.953, 0.981, 0.805, 0.914, 0.877, 0.964, 0.929, 0.878, 0.856, 0.813, 0.832, 0.864, 0.896, 0.926, 0.961, 0.816, 0.895
0.816, 0.932, 0.817, 0.892, 0.971, 0.847, 0.816, 0.804, 0.944, 0.940, 0.905, 0.823, 0.827, 0.953, 0.986, 0.860, 0.833, 0.942, 0.911, 0.910, 0.818, 0.827, 0.801, 0.807, 0.843, 0.870, 0.953, 0.900, 0.989, 0.889, 0.881, 0.975, 0.993, 0.891, 0.955, 0.986, 0.964, 0.958, 0.905, 0.812, 0.909, 0.846, 0.942, 0.869, 0.862, 0.823, 0.979, 0.992, 0.842, 0.832, 0.982, 0.857, 0.951, 0.896, 0.999, 0.929, 0.865, 0.958, 0.810, 0.945, 0.881, 0.956, 0.818, 0.883, 0.928, 0.899, 0.801, 0.815, 0.805, 0.968, 0.939, 0.843, 0.852, 0.971, 0.835, 0.990, 0.893, 0.938, 0.879, 0.981, 0.962, 0.811, 0.838, 0.962, 0.949, 0.809, 0.859, 0.892, 0.849, 0.928, 0.906, 0.915, 0.871, 0.876, 0.986, 0.877, 0.956, 0.873, 0.874, 0.917, 0.917, 0.820, 0.873, 0.809, 0.913, 0.979, 0.803, 0.823, 0.974, 0.883, 0.816, 0.821, 0.874, 0.977, 0.831, 0.838, 0.845, 0.821, 0.981, 0.981, 0.915, 0.866, 0.949, 0.833, 0.966, 0.956, 0.875, 0.952, 0.889, 0.883, 0.978, 0.864, 0.960, 0.918, 0.974, 0.852, 0.949, 0.955, 0.913, 0.942, 0.858, 0.898, 0.825, 0.840, 0.940, 0.986, 0.998, 0.813, 0.972, 0.880, 0.810, 0.918, 0.936, 0.843, 0.925, 0.820, 0.975, 0.914, 0.817, 0.869, 0.906, 0.854, 0.899, 0.860, 0.962, 0.897, 0.926, 0.848, 0.975, 0.957, 0.837, 0.946, 0.911, 0.880, 0.975, 0.970, 0.990, 0.995, 0.952, 0.978, 0.970, 0.818, 0.822, 0.906, 0.890, 0.995, 0.845, 0.915, 0.912, 0.888, 0.852, 0.898, 0.980, 0.918, 0.983, 0.899, 0.969, 0.967, 0.853, 0.885, 0.832, 0.925, 0.892, 0.815, 0.959, 0.814, 0.813, 0.867, 0.922, 0.870, 0.873, 0.863, 0.949, 0.834, 0.852, 0.948, 0.897, 0.983, 0.880, 0.962, 0.881, 0.972, 0.856, 0.880, 0.913, 0.963, 0.836, 0.949, 0.826, 0.944, 0.934, 0.819, 0.937, 0.965, 0.870, 0.861, 0.945, 0.930, 0.840, 0.865, 0.946, 0.926, 0.948, 0.930, 0.853, 0.992, 0.824, 0.927, 0.925, 0.990
0.968, 0.983, 0.854, 0.892, 0.993, 0.970, 0.842, 0.942, 0.885, 0.901, 0.928, 0.810, 0.883, 0.960, 0.929, 0.941, 0.871, 0.824, 0.827, 0.801, 0.978, 0.958, 0.859, 0.870, 0.823, 0.867, 0.881, 0.932, 0.997, 0.920, 0.997, 0.986, 0.972, 0.935, 0.850, 0.980, 0.920, 0.837, 0.946, 0.827, 0.807, 0.968, 0.851, 0.983, 0.816, 0.874, 0.889, 0.872, 0.800, 0.929, 0.811, 0.856, 0.835, 0.858, 0.991, 0.831, 0.904, 0.921, 0.810, 0.924, 0.819, 0.874, 0.970, 0.914, 0.850, 0.836, 0.808, 0.907, 0.857, 0.835, 0.937, 0.860, 0.953, 0.988, 0.885, 0.997, 0.903, 0.801, 0.871, 0.921, 0.895, 0.974, 0.871, 0.819, 0.803, 0.837, 0.901, 0.850, 0.995, 0.929, 0.956, 0.863, 0.889, 0.943, 0.875, 0.946, 0.826, 0.878, 0.855, 0.934, 0.815, 0.951, 0.922, 0.826, 0.932, 0.951, 0.912, 0.853, 0.834, 0.997, 0.950, 0.816, 0.849, 0.856, 0.907, 0.825, 0.840, 0.975, 0.969, 0.818, 0.981, 0.944, 0.979, 0.984, 0.848, 0.972, 0.884, 0.804, 0.810, 0.811, 0.990, 0.984, 0.895, 0.834, 0.974, 0.963, 0.983, 0.880, 0.967, 0.979, 0.875, 0.818, 0.979, 0.955, 0.855, 0.989, 0.883, 0.928, 0.870, 0.934, 0.861, 0.810, 0.846, 0.942, 0.816, 0.854, 0.937, 0.966, 0.831, 0.951, 0.933, 0.865, 0.988, 0.875, 0.876, 0.899, 0.939, 0.916, 0.955, 0.985, 0.957, 0.837, 0.882, 0.909, 0.804, 0.853, 0.917, 0.832, 0.907, 0.920, 0.954, 0.910, 0.831, 0.835, 0.828, 0.992, 0.895, 0.913, 0.898, 0.887, 0.846, 0.800, 0.819, 0.831, 0.875, 0.888, 0.967, 0.838, 0.908, 0.810, 0.978, 0.888, 0.828, 0.904, 0.864, 0.852, 0.881, 0.839, 0.980, 0.941, 0.901, 0.915, 0.961, 0.951, 0.899, 0.872, 0.946, 0.869, 0.920, 0.960, 0.929, 0.900, 0.993, 0.864, 0.876, 0.954, 0.862, 0.933, 0.964, 0.960, 0.831, 0.869, 0.875, 0.891, 0.975, 0.969, 0.833, 0.931, 0.824, 0.923, 0.943, 0.968, 0.807, 0.856, 0.961, 0.959, 0.823, 0.997, 0.937, 0.985
0.842, 0.805, 0.946, 0.978, 0.868, 0.876, 0.973, 0.922, 0.965, 0.829, 0.993, 0.816, 0.967, 0.965, 0.813, 0.831, 0.929, 0.880, 0.890, 0.950, 0.863, 0.822, 0.807, 0.915, 0.987, 0.957, 0.836, 0.877, 0.925, 0.915, 0.940, 0.938, 0.851, 0.826, 0.935, 0.853, 0.883, 0.948, 0.872, 0.823, 0.891, 0.996, 0.869, 0.869, 0.903, 0.827, 0.830, 0.988, 0.890, 0.809, 0.869, 0.993, 0.815, 0.979, 0.997, 0.993, 0.972, 0.996, 0.935, 0.873, 0.878, 0.828, 0.898, 0.814, 0.943, 0.824, 0.914, 0.988, 0.954, 0.965, 0.972, 0.850, 0.904, 0.946, 0.992, 0.846, 0.879, 0.874, 0.831, 0.824, 0.812, 0.924, 0.983, 0.902, 0.869, 0.801, 0.907, 0.909, 0.828, 0.826, 0.893, 0.863, 0.825, 0.984, 0.907, 0.803, 0.807, 0.924, 0.991, 0.877, 0.886, 0.866, 0.821, 0.916, 0.862, 0.838, 0.923, 0.804, 0.950, 0.975, 0.903, 0.804, 0.913, 0.815, 0.903, 0.962, 0.800, 0.998, 0.860, 0.829, 0.939, 0.959, 0.807, 0.949, 0.893, 0.959, 0.859, 0.985, 0.936, 0.968, 0.832, 0.948, 0.865, 0.985, 0.979, 0.835, 0.949, 0.902, 0.860, 0.912, 0.820, 0.975, 0.858, 0.923, 0.915, 0.988, 0.800, 0.909, 0.893, 0.833, 0.928, 0.897, 0.985, 0.847, 0.920, 0.966, 0.804, 0.908, 0.802, 0.837, 0.883, 0.949, 0.928, 0.809, 0.943, 0.834, 0.992, 0.859, 0.924, 0.993, 0.980, 0.922, 0.939, 0.841, 0.839, 0.816, 0.958, 0.971, 0.844, 0.993, 0.992, 0.874, 0.953, 0.848, 0.964, 0.967, 0.807, 0.887, 0.997, 0.934, 0.829, 0.888, 0.919, 0.814, 0.974, 0.985, 0.918, 0.989, 0.885, 0.915, 0.890, 0.896, 0.915, 0.851, 0.912, 0.899, 0.815, 0.986, 0.865, 0.859, 0.921, 1.000, 0.818, 0.833, 0.858, 0.851, 0.828, 0.951, 0.907, 0.940, 0.928, 0.992, 0.930, 0.906, 0.852, 0.997, 0.811, 0.897, 0.831, 0.977, 0.843, 0.949, 0.910, 0.899, 0.920, 0.999, 0.959, 0.914, 0.818, 0.814, 0.812, 0.864, 0.864, 0.877, 0.919, 0.982, 0.938, 0.953, 0.993, 0.861
0.958, 0.973, 1.000, 0.939, 0.896, 0.824, 0.995, 0.852, 0.949, 0.898, 0.997, 0.999, 0.965, 0.888, 0.928, 0.961, 0.969, 0.837, 0.926, 0.892, 0.803, 0.925, 0.901, 0.857, 0.871, 0.879, 0.852, 0.883, 0.961, 0.892, 0.808, 0.805, 0.869, 0.926, 1.000, 0.825, 0.909, 0.949, 0.886, 0.812, 0.859, 0.904, 0.956, 0.872, 0.809, 0.888, 0.882, 0.922, 0.809, 0.933, 0.852, 0.949, 0.945, 0.984, 0.806, 0.836, 0.954, 0.978, 0.993, 0.816, 0.803, 0.888, 0.927, 0.941, 0.975, 0.829, 0.995, 0.980, 0.939, 0.951, 0.861, 0.847, 0.988, 0.828, 0.835, 0.989, 0.865, 0.902, 0.835, 0.945, 0.971, 0.801, 0.852, 0.903, 0.992, 0.965, 0.815, 0.842, 0.825, 0.877, 0.886, 0.919, 0.922, 0.902, 0.977, 0.868, 0.994, 0.966, 0.961, 0.986, 0.906, 0.906, 1.000, 0.915, 0.842, 0.875, 0.824, 0.890, 0.802, 0.801, 0.853, 0.968, 0.935, 0.838, 0.932, 0.979, 0.845, 0.888, 0.852, 0.932, 0.978, 0.911, 0.914, 0.843, 0.934, 0.853, 0.889, 0.958, 0.820, 0.971, 0.970, 0.838, 0.922, 0.807, 0.926, 0.837, 0.838, 0.894, 0.870, 0.949, 0.912, 0.932, 0.862, 0.826, 0.902, 0.896, 0.906, 0.902, 0.821, 0.989, 0.827, 0.931, 0.874, 0.983, 0.860, 0.842, 0.918, 0.981, 0.915, 0.872, 0.849, 0.973, 0.948, 0.932, 0.903, 0.997, 0.900, 0.866, 0.855, 0.829, 0.912, 0.864, 0.980, 0.828, 0.874, 0.962, 0.923, 0.857, 0.921, 0.918, 0.975, 0.976, 0.844, 0.803, 0.884, 0.808, 0.803, 0.983, 0.907, 0.906, 0.858, 0.895, 0.999, 0.916, 0.834, 0.852, 0.810, 0.928, 0.810, 0.948, 0.813, 0.877, 0.901, 0.911, 0.979, 0.975, 0.890, 0.845, 0.933, 0.842, 0.987, 0.894, 0.851, 0.885, 0.879, 0.928, 0.990, 0.810, 0.987, 0.921, 0.825, 0.977, 0.835, 0.953, 0.918, 0.942, 0.845, 0.972, 0.981, 0.902, 0.891, 0.805, 0.982, 0.809, 0.938, 0.937, 0.863, 0.937, 0.910, 0.897, 0.979, 0.869, 0.967, 0.940, 0.884, 0.926, 0.953, 0.987, 0.959, 0.865
0.878, 0.858, 0.981, 0.828, 0.829, 0.946, 0.864, 0.932, 0.864, 0.937, 0.870, 0.919, 0.827, 0.863, 0.842, 0.973, 0.929, 0.973, 0.832, 0.958, 0.805, 0.948, 0.886, 0.949, 0.993, 0.981, 0.821, 0.939, 0.891, 0.861, 0.800, 0.961, 0.827, 0.891, 0.878, 0.846, 0.990, 0.832, 0.932, 0.977, 0.846, 0.820, 0.983, 0.894, 0.971, 0.865, 0.901, 0.807, 0.943, 0.879, 0.857, 0.941, 0.819, 0.836, 0.811, 0.975, 0.887, 0.827, 0.820, 0.866, 0.960, 0.845, 0.862, 0.963, 0.895, 0.819, 0.920, 0.921, 0.983, 0.807, 0.941, 0.843, 0.851, 0.894, 0.979, 0.827, 0.903, 0.913, 0.916, 0.850, 0.863, 0.870, 0.995, 0.985, 0.805, 0.968, 0.831, 1.000, 0.924, 0.954, 0.926, 0.908, 0.881, 0.950, 0.888, 0.876, 0.888, 0.864, 0.878, 0.906, 0.904, 0.933, 0.880, 0.878, 0.895, 0.908, 0.973, 0.811, 0.924, 0.860, 0.836, 0.921, 0.988, 0.960, 0.857, 0.849, 0.896, 0.939, 0.968, 0.924, 0.862, 0.817, 0.864, 0.975, 0.942, 0.832, 0.859, 0.922, 0.949, 0.923, 0.848, 0.904, 0.992, 0.853, 0.875, 0.920, 0.863, 0.905, 0.851, 0.966, 0.981, 0.959, 0.814, 0.806, 0.916, 0.983, 0.854, 0.835, 0.896, 0.855, 0.942, 0.843, 0.862, 0.806, 0.917, 0.967, 0.853, 0.987, 0.943, 0.931, 0.950, 0.940, 0.824, 0.885, 0.858, 0.856, 0.809, 0.856, 0.993, 0.884, 0.942, 0.922, 0.831, 0.828, 0.871, 0.892, 0.997, 0.809, 0.955, 0.910, 0.877, 0.863, 0.809, 0.816, 0.880, 0.982, 0.994, 0.834, 0.939, 0.929, 0.988, 0.860, 0.805, 0.833, 0.889, 0.863, 0.961, 0.832, 0.921, 0.837, 0.957, 0.934, 0.983, 0.963, 0.852, 0.958, 0.844, 0.860, 0.882, 0.941, 0.838, 0.806, 0.861, 0.801, 0.879, 0.898, 0.948, 0.862, 0.998, 0.967, 0.906, 0.872, 0.817, 0.926, 0.907, 0.908, 0.971, 0.998, 0.837, 0.894, 0.933, 0.971, 0.931, 0.853, 0.925, 0.974, 0.996, 0.882, 0.830, 0.877, 0.959, 0.873, 0.834, 0.884, 0.947, 0.870, 0.828, 0.930, 0.839, 0.967
0.919, 1.009, 0.983, 0.934, 1.050, 0.925, 1.018, 1.099, 1.073, 1.066, 0.996, 0.981, 1.073, 0.979, 1.043, 0.954, 1.079, 0.939, 0.994, 0.904, 1.033, 1.022, 0.987, 1.064, 1.049, 0.970, 0.979, 1.002, 0.977, 1.059, 0.915, 0.940, 0.930, 1.076, 0.977, 0.965, 0.986, 0.997, 0.906, 1.090, 0.950, 0.959, 0.974, 1.094, 1.043, 1.063, 1.016, 0.950, 0.924, 1.091, 1.017, 1.024, 0.939, 1.091, 1.043, 1.001, 1.064, 1.034, 1.046, 1.001, 1.044, 1.000, 0.937, 1.062, 0.915, 1.054, 0.985, 0.961, 0.966, 1.027, 0.998, 0.952, 0.907, 0.974, 1.065, 1.079, 1.063, 1.087, 0.970, 1.065, 1.025, 0.954, 1.041, 0.910, 1.081, 0.980, 1.079, 0.982, 0.976, 0.939, 0.941, 1.085, 1.027, 1.045, 1.056, 1.053, 0.918, 1.079, 0.958, 0.955, 0.967, 1.048, 0.901, 1.045, 1.055, 1.070, 0.978, 1.052, 1.099, 0.988, 1.019, 0.988, 0.961, 0.940, 0.909, 1.018, 0.940, 0.968, 0.933, 0.978, 0.920, 1.083, 0.921, 1.056, 1.012, 0.904, 1.076, 1.087, 0.968, 1.045, 1.077, 1.031, 1.092, 0.943, 0.918, 0.963, 1.076, 0.938, 1.072, 0.910, 0.990, 1.022, 0.991, 1.013, 0.955, 1.032, 0.991, 1.056, 1.095, 1.009, 1.018, 1.022, 0.905, 0.992, 1.052, 1.035, 1.005, 0.949, 0.965, 0.942, 1.011, 1.035, 1.011, 1.072, 0.933, 1.063, 0.903, 1.063, 0.960, 0.952, 1.082, 1.002, 0.905, 0.991, 0.978, 0.935, 1.028, 1.064, 0.976, 1.034, 0.978, 0.930, 1.084, 0.917, 1.045, 0.981, 0.968, 0.983, 1.087, 0.920, 1.003, 1.037, 0.980, 0.910, 1.081, 0.997, 1.068, 1.070, 0.943, 0.984, 1.049, 1.016, 0.925, 1.065, 1.017, 1.001, 0.932, 0.986, 0.966, 1.049, 1.045, 1.036, 1.025, 1.074, 1.086, 1.086, 1.007, 1.043, 0.998, 1.038, 0.961, 0.904, 0.964, 1.000, 0.953, 0.906, 0.968, 1.011, 1.087, 0.964, 0.992, 1.004, 1.094, 0.910, 0.949, 0.958, 0.967, 0.994, 0.994, 0.903, 1.071, 1.003, 0.987, 0.926, 0.937, 1.009, 0.988, 0.995, 1.007, 1.028
532.998, 542.275, 540.877, 516.560, 506.773, 545.704, 474.765, 461.371, 510.867, 461.594, 542.481, 457.151, 534.072, 479.923, 471.855, 471.981, 493.843, 479.230, 455.538, 475.172, 505.063, 525.643, 480.500, 513.494, 542.725, 536.131, 467.684, 528.828, 461.263, 536.614, 529.475, 492.072, 546.720, 470.787, 466.181, 452.468, 460.724, 473.570, 479.906, 510.239, 529.783, 482.845, 457.448, 451.646, 459.661, 526.614, 538.158, 484.979, 451.114, 499.808, 533.207, 513.654, 482.652, 522.225, 518.595, 505.495, 462.738, 540.358, 453.521, 456.001, 537.143, 510.203, 474.184, 531.280, 477.123, 479.471, 473.036, 456.322, 515.439, 486.697, 491.413, 525.421, 549.743, 500.553, 503.434, 479.260, 496.668, 523.943, 533.544, 521.339, 450.581, 537.720, 514.244, 529.236, 500.641, 490.604, 451.234, 482.125, 522.985, 484.592, 509.495, 539.718, 483.929, 458.284, 453.261, 502.735, 456.831, 462.423, 528.762, 474.602, 512.388, 515.368, 472.057, 499.845, 471.103, 479.132, 525.005, 469.025, 497.959, 514.659, 459.655, 519.277, 457.109, 502.383, 530.061, 452.256, 480.756, 527.843, 496.186, 450.580, 492.309, 474.894, 451.380, 481.637, 485.907, 533.111, 525.752, 474.306, 524.138, 540.100, 470.745, 484.896, 494.660, 519.080, 471.638, 486.399, 496.156, 500.460, 538.286, 515.359, 489.537, 510.257, 542.425, 450.942, 467.710, 529.549, 500.350, 531.671, 538.905, 480.353, 529.319, 540.917, 483.958, 496.557, 475.962, 537.261, 549.923, 486.945, 541.646, 516.055, 511.959, 538.158, 486.991, 490.001, 527.098, 502.292, 480.058, 532.443, 528.191, 539.817, 502.340, 462.099, 520.023, 491.495, 515.668, 525.695, 507.358, 476.279, 531.964, 548.022, 466.707, 528.063, 535.496, 452.743, 524.685, 536.476, 482.446, 457.422, 544.365, 531.606, 511.850, 547.836, 455.775, 521.646, 486.491, 484.733, 497.407, 454.275, 502.302, 464.663, 515.782, 458.175, 466.284, 496.855, 465.102, 474.642, 468.134, 525.549, 517.204, 543.198, 452.773, 475.588, 452.392, 518.885, 498.831, 482.284, 533.599, 502.275, 456.888, 485.604, 537.731, 542.786, 512.013, 527.369, 503.355, 531.062, 509.534, 515.101, 512.699, 520.208, 542.625, 472.411, 511.132, 529.746, 464.025, 484.821, 459.553, 460.562, 499.241, 507.038, 455.763, 495.684, 455.929, 530.790, 534.947, 529.437, 474.624, 466.119, 489.616, 455.221
249575.095, 253870.345, 264479.801, 269778.560, 247424.104, 242363.123, 235936.098, 253031.918, 243351.938, 264376.897, 272726.731, 270160.372, 262109.879, 272765.717, 256259.144, 274991.458, 247698.255, 270087.720, 253033.386, 269561.196, 273792.594, 253213.331, 251547.430, 262229.933, 251875.283, 246521.851, 263743.328, 258316.980, 231997.922, 237167.776, 255838.008, 251558.829, 243464.447, 255360.842, 255081.534, 243465.206, 250387.308, 228450.531, 236653.125, 275515.815, 231586.124, 273042.588, 254415.625, 270165.730, 252138.982, 276844.019, 238426.662, 267222.433, 277315.591, 255079.643, 255777.582, 233296.360, 266851.752, 231732.444, 271488.909, 252651.788, 244369.003, 231259.480, 274386.764, 269621.051, 239006.100, 244225.638, 250962.264, 239187.886, 278829.568, 258768.536, 263847.268, 238142.508, 269457.467, 278703.315, 262252.446, 252152.809, 255582.459, 232160.407, 277956.056, 248644.981, 261222.320, 230315.838, 271684.738, 240515.025, 259052.832, 259743.037, 271754.112, 265620.073, 267416.900, 254148.224, 276005.467, 259944.816, 264829.577, 245268.221, 246354.681, 274570.113, 247267.946, 265078.446, 270819.044, 249809.237, 233443.515, 251872.490, 239527.355, 240083.746, 250664.572, 250034.573, 253097.914, 263650.897, 266409.912, 238322.795, 251059.564, 239609.553, 258206.433, 244000.974, 276741.757, 268935.416, 250302.487, 272686.428, 262521.080, 263581.730, 264562.190, 264581.407, 231913.993, 247628.987, 274654.335, 235054.054, 274271.796, 252445.705, 245952.063, 268260.317, 254847.817, 260060.503, 273381.310, 261725.932, 261957.850, 260816.439, 272775.657, 258885.603, 266166.672, 234626.567, 253162.588, 270867.965, 259942.591, 275207.012, 276151.658, 261006.383, 241520.872, 245272.022, 257841.246, 262113.486, 276408.335, 232000.525, 278428.520, 263076.006, 249088.846, 278572.476, 262871.571, 249072.268, 241057.664, 272007.251, 243843.893, 244060.320, 263498.196, 267662.247, 254630.361, 230014.794, 278185.719, 248735.705, 230232.877, 247854.502, 229401.336, 229185.056, 272213.968, 246217.757, 244663.091, 244118.314, 267359.732, 264627.909, 272732.489, 255196.204, 244670.676, 263075.948, 258333.302, 233234.548, 256564.866, 232195.021, 270056.924, 277477.649, 274876.114, 234594.560, 241338.582, 266743.382, 250625.796, 229214.560, 236394.002, 252366.111, 270110.924, 229631.882, 255882.393, 243551.542, 267359.267, 228707.586, 273924.445, 250895.387, 257478.987, 249364.338, 240818.798, 248614.033, 251426.093, 242583.747, 263661.545, 249598.796, 240701.336, 245404.326, 263766.808, 265972.967, 239865.671, 278769.988, 266742.417, 259244.251, 235142.820, 268555.316, 259663.761, 249259.533, 271331.838, 260975.781, 248115.608, 258185.286, 239945.972, 244955.931, 262472.080, 234863.598, 251598.281, 274185.327, 278740.695, 228305.637, 264818.996, 261418.770, 260916.763, 246959.830, 257660.484, 239316.032, 253400.274, 235329.989, 255795.625, 272776.564, 274938.860, 253329.474, 259785.941, 245559.780, 244937.431, 258058.158, 251339.679, 233815.862
36.591, 36.608, 36.607, 36.597, 36.591, 36.598, 36.596, 36.606, 36.608, 36.591, 36.605, 36.598, 36.606, 36.600, 36.591, 36.604, 36.591, 36.593, 36.608, 36.591, 36.591, 36.596, 36.596, 36.603, 36.596, 36.607, 36.592, 36.600, 36.597, 36.601, 36.602, 36.601, 36.600, 36.595, 36.608, 36.591, 36.600, 36.598, 36.601, 36.606, 36.593, 36.595, 36.599, 36.591, 36.606, 36.597, 36.605, 36.604, 36.593, 36.593, 36.601, 36.601, 36.606, 36.593, 36.607, 36.591, 36.592, 36.594, 36.595, 36.606, 36.607, 36.601, 36.609, 36.609, 36.597, 36.591, 36.597, 36.604, 36.605, 36.608, 36.601, 36.596, 36.607, 36.608, 36.600, 36.593, 36.593, 36.602, 36.591, 36.597, 36.607, 36.592, 36.596, 36.600, 36.610, 36.593, 36.591, 36.604, 36.606, 36.594, 36.592, 36.595, 36.598, 36.595, 36.608, 36.607, 36.601, 36.597, 36.599, 36.593, 36.594, 36.606, 36.594, 36.592, 36.599, 36.595, 36.592, 36.596, 36.605, 36.603, 36.591, 36.590, 36.594, 36.601, 36.591, 36.596, 36.603, 36.599, 36.606, 36.607, 36.597, 36.596, 36.596, 36.597, 36.607, 36.607, 36.600, 36.598, 36.608, 36.594, 36.598, 36.591, 36.608, 36.605, 36.602, 36.597, 36.602, 36.600, 36.593, 36.599, 36.596, 36.595, 36.608, 36.603, 36.602, 36.606, 36.608, 36.606, 36.597, 36.610, 36.595, 36.605, 36.591, 36.599, 36.595, 36.605, 36.601, 36.596, 36.599, 36.594, 36.594, 36.605, 36.608, 36.607, 36.601, 36.602, 36.600, 36.600, 36.593, 36.607, 36.606, 36.595, 36.606, 36.608, 36.593, 36.596, 36.601, 36.594, 36.609, 36.607, 36.604, 36.604, 36.593, 36.595, 36.601, 36.602, 36.595, 36.607, 36.605, 36.600, 36.604, 36.592, 36.596, 36.591, 36.593, 36.603, 36.602, 36.608, 36.599, 36.605, 36.595, 36.601, 36.606, 36.602, 36.598, 36.608, 36.600, 36.600, 36.600, 36.594, 36.600, 36.602, 36.600, 36.597, 36.607, 36.605, 36.592, 36.608, 36.597, 36.598, 36.608, 36.591, 36.602, 36.600, 36.608, 36.605, 36.603, 36.591, 36.601, 36.594, 36.595, 36.610, 36.600, 36.603, 36.600, 36.594, 36.598, 36.594, 36.600, 36.602, 36.593, 36.590, 36.600, 36.606, 36.600, 36.603, 36.607, 36.607, 36.592, 36.609
1098.950, 1027.951, 990.485, 1080.768, 971.687, 1050.938, 1017.117, 938.583, 902.475, 1068.572, 1077.719, 1035.864, 1039.762, 1093.964, 1012.193, 900.298, 1006.401, 938.728, 1095.498, 1049.757, 902.000, 1082.237, 1081.468, 1021.103, 936.994, 983.315, 1076.712, 1046.217, 990.352, 930.035, 923.080, 944.662, 1088.036, 1049.416, 1032.264, 971.459, 1036.382, 1025.832, 1076.613, 903.932, 1067.932, 1069.292, 988.085, 1093.915, 1082.333, 1007.704, 954.062, 913.086, 951.982, 1038.678, 1044.393, 901.314, 1072.618, 930.860, 966.115, 952.026, 1029.701, 975.682, 1027.606, 1052.629, 906.148, 1000.817, 955.942, 910.527, 917.652, 1037.768, 1095.180, 1017.980, 963.335, 1070.573, 965.501, 944.961, 958.808, 936.868, 1004.213, 1090.599, 1017.206, 1084.378, 956.906, 920.755, 920.162, 963.379, 902.201, 911.624, 978.186, 1038.152, 984.312, 965.323, 927.243, 966.408, 1073.147, 1075.443, 1076.761, 1054.596, 1003.126, 1055.865, 926.560, 936.820, 1054.984, 1090.693, 1085.851, 1096.172, 913.952, 1086.323, 1066.820, 915.438, 1040.204, 1086.379, 997.230, 917.451, 1077.565, 917.279, 1058.014, 1073.608, 919.281, 955.275, 1049.730, 1063.701, 1059.557, 1040.051, 973.988, 929.724, 933.792, 1057.460, 1091.756, 966.060, 995.759, 944.949, 965.111, 1025.301, 1044.674, 984.321, 1033.883, 950.949, 901.986, 1048.390, 1068.362, 958.485, 1021.986, 918.797, 1054.707, 1023.062, 1072.989, 906.095, 1019.833, 961.233, 1051.722, 1096.025, 1088.888, 1076.692, 936.025, 975.523, 1094.383, 906.577, 987.643, 999.992, 1031.372, 1035.685, 983.221, 1084.791, 904.529, 904.895, 958.007, 1021.758, 972.868, 931.032, 1093.183, 1072.465, 942.875, 914.582, 988.164, 972.431, 981.389, 1084.580, 940.171, 1057.232, 960.962, 1056.909, 1065.571, 1022.967, 943.302, 940.852, 1018.236, 971.332, 927.953, 945.349, 912.836, 953.325, 1059.090, 1007.308, 1080.602, 912.263, 902.327, 1048.124, 1082.944, 1012.897, 927.827, 903.320, 950.222, 1094.108, 1061.731, 1097.442, 1069.934, 943.333, 967.157, 945.450, 1067.656, 1086.726, 1082.137, 981.490, 905.109, 1035.183, 1081.147, 1089.884, 1037.937, 980.919, 920.816, 912.524, 926.308, 951.068, 1002.689, 1088.380, 1077.539, 912.405, 982.527, 909.863, 1013.708, 990.977, 992.397, 903.670, 980.561, 972.373, 966.218, 1008.840, 947.457, 1094.402, 903.168, 1063.822, 908.431, 942.403, 1058.328, 1073.463, 1000.680, 1067.900, 1047.341, 1061.860, 1046.290, 961.055, 976.927, 928.692
991.337, 928.155, 910.054, 909.130, 1076.907, 938.859, 906.087, 1051.642, 974.412, 1066.046, 951.357, 1006.407, 903.542, 1069.663, 1053.042, 925.645, 1043.841, 1084.332, 926.931, 1032.099, 1050.176, 1036.369, 1051.668, 1073.263, 1016.300, 1022.324, 922.039, 1031.434, 1017.155, 1067.095, 1048.677, 1005.987, 1040.747, 969.921, 945.397, 1032.121, 913.568, 1029.213, 900.285, 1008.640, 1048.195, 1090.586, 964.331, 1098.611, 905.259, 982.593, 1014.051, 946.069, 1098.030, 929.145, 1012.502, 1089.302, 907.391, 1007.376, 983.924, 1091.450, 1092.380, 952.976, 906.061, 1026.699, 968.670, 988.727, 953.935, 1091.194, 1051.663, 1063.636, 913.795, 1083.405, 1001.536, 968.661, 978.285, 913.733, 1070.886, 921.225, 1047.442, 1055.038, 920.579, 1089.151, 916.988, 1095.158, 973.839, 987.991, 999.065, 992.811, 1034.940, 991.112, 1052.268, 943.105, 1019.478, 927.762, 1089.185, 931.321, 1056.995, 1057.763, 1013.667, 934.668, 1063.923, 1091.527, 1039.112, 997.556, 917.983, 1059.516, 1011.956, 1058.086, 1030.768, 1090.055, 1084.572, 925.473, 960.987, 995.398, 1061.208, 1063.939, 938.644, 1085.744, 909.970, 962.218, 1063.330, 962.820, 1030.887, 990.108, 1086.323, 1030.158, 947.686, 1023.854, 1062.450, 911.633, 1067.856, 1079.220, 966.339, 1030.251, 987.890, 956.339, 1012.590, 986.905, 1020.366, 989.400, 1021.900, 954.637, 923.444, 902.329, 905.840, 1016.956, 969.814, 1064.278, 942.564, 951.719, 1044.191, 1064.096, 1037.086, 951.887, 1018.587, 963.071, 1046.673, 1067.780, 1076.897, 1083.761, 999.063, 917.829, 1021.602, 1064.434, 1065.460, 949.148, 1086.635, 903.716, 903.517, 900.753, 1012.765, 966.437, 980.175, 1032.302, 977.030, 1032.534, 1040.252, 917.405, 1070.601, 902.473, 909.284, 959.740, 1043.918, 960.508, 1080.397, 924.117, 987.778, 972.255, 940.680, 941.164, 1037.901, 1021.108, 927.330, 1011.683, 904.029, 980.353, 993.420, 908.894, 969.303, 992.693, 1081.370, 1051.674, 1070.601, 976.788, 909.286, 1075.061, 995.361, 1099.998, 1000.299, 965.313, 1059.120, 1093.596, 914.897, 909.476, 1052.875, 957.255, 906.088, 1045.924, 954.919, 917.749, 986.740, 1070.144, 903.886, 949.464, 909.976, 972.453, 1067.484, 1037.220, 906.115, 1059.068, 918.743, 932.149, 1050.425, 1084.741, 1057.278, 963.147, 920.251, 1067.366, 1090.425, 929.290, 980.211, 972.737, 947.859, 1037.873, 937.607, 982.044, 1099.331, 986.034, 1023.216, 1070.549, 1060.333, 1053.505, 1022.302, 947.535
90.176, 92.526, 99.959, 81.683, 84.884, 80.338, 94.609, 91.516, 89.225, 80.069, 94.884, 81.033, 83.509, 97.541, 92.585, 93.447, 95.439, 92.357, 97.977, 82.354, 96.350, 91.849, 84.510, 98.179, 85.287, 81.403, 80.470, 94.607, 96.875, 86.782, 94.255, 95.329, 81.785, 86.883, 94.748, 81.622, 97.275, 80.188, 89.071, 97.772, 83.873, 88.348, 90.309, 90.265, 81.922, 87.364, 89.298, 98.061, 95.611, 98.351, 94.728, 83.229, 80.072, 97.736, 98.784, 83.443, 86.437, 81.125, 98.385, 82.231, 83.652, 92.672, 98.320, 87.523, 99.167, 97.313, 94.139, 80.013, 95.089, 81.620, 83.420, 89.489, 88.638, 89.150, 95.897, 89.067, 88.714, 92.348, 89.996, 90.380, 98.813, 92.428, 96.488, 86.976, 87.178, 95.213, 90.574, 80.647, 84.030, 95.605, 94.022, 95.172, 92.808, 83.001, 94.953, 91.063, 99.284, 91.864, 97.800, 87.273, 81.282, 86.809, 85.484, 96.417, 83.574, 80.652, 93.609, 89.500, 83.590, 80.266, 91.968, 80.278, 87.249, 81.678, 86.492, 90.184, 96.267, 94.111, 89.601, 94.920, 81.661, 82.184, 81.746, 84.287, 86.530, 83.154, 85.422, 89.489, 81.176, 81.549, 82.138, 89.763, 99.148, 95.981, 97.691, 90.383, 93.336, 92.667, 93.647, 84.101, 93.408, 83.320, 96.188, 86.295, 85.551, 91.374, 85.528, 85.513, 80.835, 80.840, 93.183, 86.852, 89.110, 95.179, 89.513, 85.634, 89.585, 84.418, 81.902, 98.312, 88.208, 98.814, 89.400, 98.938, 88.203, 85.238, 88.997, 86.865, 83.678, 80.401, 88.979, 88.212, 97.260, 83.014, 99.553, 85.783, 87.715, 81.874, 91.625, 90.833, 96.616, 93.766, 83.951, 84.902, 86.816, 97.001, 93.763, 92.110, 90.611, 83.177, 95.181, 87.587, 82.426, 83.142, 81.466, 88.780, 85.382, 89.490, 99.757, 82.769, 95.949, 99.315, 84.258, 90.593, 87.538, 86.755, 88.313, 83.600, 97.495, 89.922, 91.438, 95.386, 89.598, 84.689, 99.585, 91.499, 94.417, 80.658, 93.115, 95.031, 99.503, 81.091, 95.599, 93.259, 96.037, 88.535, 87.879, 90.925, 89.839, 98.650, 92.906, 94.792, 98.864, 90.763, 82.523, 99.550, 80.997, 81.673, 80.774, 97.677, 80.412, 90.876, 82.361, 80.439, 94.615, 81.646, 86.364, 87.830, 96.147, 98.855
1677729747.253, 1677729747.261, 1677729747.262, 1677729747.277, 1677729747.277, 1677729747.277, 1677729747.277, 1677729747.292, 1677729747.292, 1677729747.292, 1677729747.307, 1677729747.307, 1677729747.307, 1677729747.307, 1677729747.322, 1677729747.322, 1677729747.322, 1677729747.322, 1677729747.337, 1677729747.337, 1677729747.337, 1677729747.337, 1677729747.353, 1677729747.353, 1677729747.353, 1677729747.353, 1677729747.368, 1677729747.368, 1677729747.368, 1677729747.384, 1677729747.384, 1677729747.384, 1677729747.384, 1677729747.400, 1677729747.400, 1677729747.400, 1677729747.400, 1677729747.416, 1677729747.416, 1677729747.416, 1677729747.416, 1677729747.431, 1677729747.431, 1677729747.431, 1677729747.431, 1677729747.446, 1677729747.446, 1677729747.446, 1677729747.446, 1677729747.462, 1677729747.462, 1677729747.462, 1677729747.462, 1677729747.477, 1677729747.477, 1677729747.478, 1677729747.478, 1677729747.493, 1677729747.493, 1677729747.493, 1677729747.493, 1677729747.509, 1677729747.509, 1677729747.509, 1677729747.509, 1677729747.525, 1677729747.525, 1677729747.525, 1677729747.525, 1677729747.540, 1677729747.541, 1677729747.541, 1677729747.541, 1677729747.556, 1677729747.556, 1677729747.556, 1677729747.572, 1677729747.572, 1677729747.572, 1677729747.572, 1677729747.588, 1677729747.588, 1677729747.588, 1677729747.588, 1677729747.604, 1677729747.604, 1677729747.604, 1677729747.604, 1677729747.619, 1677729747.619, 1677729747.619, 1677729747.619, 1677729747.635, 1677729747.635, 1677729747.635, 1677729747.635, 1677729747.651, 1677729747.651, 1677729747.651, 1677729747.651, 1677729747.666, 1677729747.666, 1677729747.666, 1677729747.666, 1677729747.682, 1677729747.682, 1677729747.682, 1677729747.682, 1677729747.698, 1677729747.698, 1677729747.698, 1677729747.698, 1677729747.714, 1677729747.714, 1677729747.714, 1677729747.714, 1677729747.730, 1677729747.730, 1677729747.730, 1677729747.730, 1677729747.745, 1677729747.745, 1677729747.745, 1677729747.745, 1677729747.761, 1677729747.761, 1677729747.761, 1677729747.761, 1677729747.776, 1677729747.777, 1677729747.777, 1677729747.777, 1677729747.792, 1677729747.792, 1677729747.792, 1677729747.807, 1677729747.807, 1677729747.807, 1677729747.807, 1677729747.823, 1677729747.823, 1677729747.823, 1677729747.823, 1677729747.838, 1677729747.838, 1677729747.838, 1677729747.838, 1677729747.853, 1677729747.853, 1677729747.854, 1677729747.854, 1677729747.869, 1677729747.869, 1677729747.869, 1677729747.869, 1677729747.884, 1677729747.884, 1677729747.884, 1677729747.900, 1677729747.900, 1677729747.900, 1677729747.900, 1677729747.915, 1677729747.915, 1677729747.915, 1677729747.915, 1677729747.930, 1677729747.930, 1677729747.930, 1677729747.930, 1677729747.947, 1677729747.947, 1677729747.947, 1677729747.947, 1677729747.962, 1677729747.962, 1677729747.962, 1677729747.962, 1677729747.978, 1677729747.978, 1677729747.978, 1677729747.978, 1677729747.993, 1677729747.993, 1677729747.993, 1677729747.993, 1677729748.008, 1677729748.008, 1677729748.008, 1677729748.024, 1677729748.024, 1677729748.024, 1677729748.024, 1677729748.040, 1677729748.040, 1677729748.040, 1677729748.040, 1677729748.055, 1677729748.056, 1677729748.056, 1677729748.056, 1677729748.070, 1677729748.070, 1677729748.070, 1677729748.070, 1677729748.086, 1677729748.086, 1677729748.086, 1677729748.086, 1677729748.101, 1677729748.101, 1677729748.101, 1677729748.101, 1677729748.116, 1677729748.116, 1677729748.116, 1677729748.132, 1677729748.132, 1677729748.132, 1677729748.132, 1677729748.148, 1677729748.148, 1677729748.148, 1677729748.148, 1677729748.163, 1677729748.163, 1677729748.163, 1677729748.163, 1677729748.179, 1677729748.179, 1677729748.179, 1677729748.179, 1677729748.194, 1677729748.194, 1677729748.194, 1677729748.194, 1677729748.209, 1677729748.209, 1677729748.209, 1677729748.209, 1677729748.225, 1677729748.225, 1677729748.225, 1677729748.225, 1677729748.240, 1677729748.241, 1677729748.241, 1677729748.241, 1677729748.256, 1677729748.256
0.000, 0.000, 0.000, 0.000, 0.000, 0.000, 0.000, 0.000, 0.000, 0.000, 0.000, 0.000, 0.000, 0.000, 0.000, 0.000, 0.000, 0.000, 0.000, 0.000, 0.000, 0.000, 0.000, 0.000, 0.000, 0.000, 0.000, 0.000, 0.000, 0.000, 0.000, 0.000, 0.000, 0.000, 0.000, 0.000, 0.000, 0.000, 0.000, 0.000, 0.000, 0.000, 0.000, 0.000, 0.000, 0.000, 0.000, 0.000, 0.000, 0.000, 0.000, 0.000, 0.000, 0.000, 0.000, 0.000, 0.000, 0.000, 0.000, 0.000, 0.000, 0.000, 0.000, 0.000, 0.000, 0.000, 0.000, 0.000, 0.000, 0.000, 0.000, 0.000, 0.000, 0.000, 0.000, 0.000, 0.000, 0.000, 0.000, 0.000, 0.000, 0.000, 0.000, 0.000, 0.000, 0.000, 0.000, 0.000, 0.000, 0.000, 0.000, 0.000, 0.000, 0.000, 0.000, 0.000, 0.000, 0.000, 0.000, 0.000, 0.000, 0.000, 0.000, 0.000, 0.000, 0.000, 0.000, 0.000, 0.000, 0.000, 0.000, 0.000, 0.000, 0.000, 0.000, 0.000, 0.000, 0.000, 0.000, 0.000, 0.000, 0.000, 0.000, 0.000, 0.000, 0.000, 0.000, 0.000, 0.000, 0.000, 0.000, 0.000, 0.000, 0.000, 0.000, 0.000, 0.000, 0.000, 0.000, 0.000, 0.000, 0.000, 0.000, 0.000, 0.000, 0.000, 0.000, 0.000, 0.000, 0.000, 0.000, 0.000, 0.000, 0.000, 0.000, 0.000, 0.000, 0.000, 0.000, 0.000, 0.000, 0.000, 0.000, 0.000, 0.000, 0.000, 0.000, 0.000, 0.000, 0.000, 0.000, 0.000, 0.000, 0.000, 0.000, 0.000, 0.000, 0.000, 0.000, 0.000, 0.000, 0.000, 0.000, 0.000, 0.000, 0.000, 0.000, 0.000, 0.000, 0.000, 0.000, 0.000, 0.000, 0.000, 0.000, 0.000, 0.000, 0.000, 0.000, 0.000, 0.000, 0.000, 0.000, 0.000, 0.000, 0.000, 0.000, 0.000, 0.000, 0.000, 0.000, 0.000, 0.000, 0.000, 0.000, 0.000, 0.000, 0.000, 0.000, 0.000, 0.000, 0.000, 0.000, 0.000, 0.000, 0.000, 0.000, 0.000, 0.000, 0.000, 0.000, 0.000, 0.000, 0.000, 0.000, 0.000, 0.000, 0.000, 0.000, 0.000, 0.000, 0.000, 0.000, 0.000, 0.000, 0.000, 0.000, 0.000, 0.000, 0.000
